id,sender_id,receiver_id,amount,start_time
0,7070,3509,9365,553
1,6849,3509,10555,788
2,10746,3509,9312,3007
3,8123,3509,8646,3833
4,1410,3509,9296,7678
5,12363,3509,9897,7760
6,10620,3509,10813,8325
7,9100,3509,11099,10851
8,4373,3509,10265,11317
9,2324,3509,8347,12357
10,10353,3509,10043,13270
11,6235,3509,9148,13850
12,4969,3509,9935,16061
13,391,3509,10968,16540
14,7506,3509,8888,17411
15,1539,3509,9661,17488
16,7087,3509,10603,17776
17,981,3509,10832,18871
18,4677,3509,9106,19309
19,11723,3509,9456,20977
20,3092,3509,10127,21681
21,1893,3509,11925,21748
22,8196,3509,9622,24463
23,6856,3509,11914,28516
24,5045,3509,11319,28744
25,10264,3509,9089,30612
26,2258,3509,8352,31926
27,7291,3509,9623,34658
28,6031,3509,11982,34750
29,5711,3509,7575,35023
30,4366,3509,9650,36426
31,2237,3509,12293,36483
32,7031,3509,10421,36600
33,5030,3509,7790,37464
34,8574,3509,9278,38488
35,4694,3509,10338,38808
36,10127,3509,10621,39750
37,757,3509,10921,39783
38,11185,3509,9673,43823
39,11185,3509,8771,44644
40,301,3509,10217,47713
41,5017,3509,10069,48284
42,3537,3509,9103,49475
43,7176,3509,11351,50055
44,6843,3509,11527,50732
45,6464,3509,9182,52807
46,6514,3509,11889,52901
47,4794,3509,10617,53553
48,345,3509,10916,54426
49,5732,3509,9156,57473
50,8646,3509,7400,57663
51,6479,3509,8828,57929
52,12998,3509,10176,58131
53,712,3509,8800,58250
54,5344,3509,11529,59510
55,4373,3509,8118,62558
56,7513,3509,10336,63003
57,9660,3509,9601,64320
58,5871,3509,10658,66613
59,3516,3509,8948,68272
60,4472,3509,9225,69513
61,12626,3509,9014,70104
62,5933,3509,9968,71921
63,2763,3509,8676,72650
64,1755,3509,10702,74615
65,5058,3509,8384,74898
66,3896,3509,12452,75986
67,3709,3509,9870,76812
68,1035,3509,10507,80066
69,1762,3509,9820,80466
70,8226,3509,9176,82792
71,3273,3509,9615,85393
72,5427,3509,9402,85946
73,277,3509,10506,86147
74,913,3509,9008,90040
75,9926,3509,9258,90492
76,12392,3509,9405,90840
77,1457,3509,9661,92042
78,7708,3509,7970,92720
79,10711,3509,8573,92754
80,7056,3509,9994,93763
81,340,3509,9903,94354
82,6316,3509,9971,94591
83,3610,3509,10440,94958
84,327,3509,8898,95034
85,2473,3509,9176,95351
86,8167,3509,8925,97128
87,6138,3509,9792,98198
88,9263,3509,10211,99016
89,10275,3509,10579,99914
90,7276,3509,9961,102436
91,8079,3509,10509,102518
92,5661,3509,9535,103050
93,3893,3509,11879,105277
94,3131,3509,9609,107014
95,11761,3509,9221,108051
96,7688,3509,10600,111427
97,7363,3509,9566,114414
98,11284,3509,10589,115304
99,2077,3509,10660,117873
100,12910,3509,9168,119303
101,10334,3509,9136,121212
102,12290,3509,9173,122132
103,6701,3509,9198,123144
104,6790,3509,7091,124755
105,11651,3509,9733,125307
106,5486,3509,9594,125629
107,9303,3509,9347,126317
108,1865,3509,10064,126693
109,8167,3509,9684,127000
110,638,3509,11690,128160
111,2653,3509,9672,129663
112,4783,3509,9507,130268
113,1956,3509,9584,132700
114,786,3509,9705,133841
115,598,3509,10154,134856
116,899,3509,10234,135041
117,9103,3509,10333,135358
118,11118,3509,10518,135437
119,7325,3509,10633,135703
120,10230,3509,10166,136358
121,11355,3509,12496,136816
122,7798,3509,11976,137182
123,444,3509,7897,137531
124,10393,3509,8631,137792
125,11317,3509,9894,138293
126,1598,3509,10604,140059
127,6011,3509,11508,140958
128,6566,3509,9368,143500
129,787,3509,10852,143762
130,9029,3509,12156,144222
131,9288,3509,9676,144411
132,11680,3509,10898,145265
133,3998,3509,10402,145789
134,8420,3509,9434,146106
135,8430,3509,9632,148711
136,12221,3509,10373,148827
137,3371,3509,9517,149279
138,8658,3509,9065,149382
139,1128,3509,9466,149654
140,7133,3509,7926,150005
141,3331,3509,12488,150072
142,6,3509,7256,150768
143,1713,3509,10144,150948
144,8744,3509,10771,152166
145,9550,3509,11008,152931
146,7392,3509,10615,153811
147,1100,3509,10327,154907
148,10568,3509,10015,156657
149,5319,3509,11546,159393
150,6789,3509,9051,160171
151,8463,3509,10933,161278
152,2434,3509,8853,161291
153,8550,3509,10751,164017
154,7496,3509,9574,164417
155,6611,3509,11528,166049
156,2360,3509,9770,167106
157,4449,3509,8563,167344
158,5279,3509,9471,168061
159,5266,3509,10117,168269
160,10491,3509,9372,168428
161,12469,3509,10169,168552
162,1606,3509,9383,171795
163,8808,3509,10664,172618
164,1739,3509,10229,172788
165,11298,3509,10128,173485
166,5866,3509,8822,174165
167,319,3509,11328,175322
168,2749,3509,11462,177560
169,5432,3509,11488,178198
170,12950,3509,9822,179384
171,11873,3509,9944,179700
172,914,3509,10303,179924
173,4919,3509,10642,180203
174,1764,3509,9585,181618
175,5268,3509,9778,182201
176,6757,3509,10340,183276
177,11013,3509,10046,183421
178,3946,3509,11085,183596
179,11526,3509,9875,186933
180,1659,3509,11912,187156
181,12874,3509,10049,188501
182,3023,3509,8947,188879
183,136,3509,7787,191180
184,1302,3509,9712,193118
185,8953,3509,9597,193126
186,863,3509,8843,193179
187,445,3509,10556,194616
188,7204,3509,11397,194789
189,10271,3509,8469,195909
190,12505,3509,8263,195917
191,7170,3509,10169,195971
192,1784,3509,11170,196125
193,1175,3509,8211,196707
194,3241,3509,10343,196834
195,9422,3509,9393,199449
196,10028,3509,9540,200419
197,887,3509,11828,201217
198,4082,3509,9262,203676
199,2627,3509,10517,204718
200,4643,3509,9429,207618
201,10583,3509,10568,208321
202,7901,3509,10235,208936
203,2159,3509,7871,210333
204,7359,3509,9683,212617
205,2357,3509,8058,212663
206,7575,3509,8591,214803
207,5502,3509,8911,216576
208,4012,3509,9450,217881
209,1511,3509,9236,220059
210,12444,3509,9158,220703
211,11418,3509,9151,222869
212,6611,3509,9848,224339
213,5940,3509,10988,226175
214,12534,3509,9597,226702
215,3587,3509,10569,227017
216,5283,3509,9382,228132
217,1351,3509,10666,228228
218,6113,3509,11726,232128
219,11712,3509,11176,232802
220,5689,3509,9840,233062
221,7942,3509,10273,233370
222,8292,3509,9528,236498
223,5324,3509,9411,237113
224,822,3509,10334,237584
225,4125,3509,7108,237855
226,2348,3509,9357,239849
227,11037,3509,10239,240180
228,5279,3509,11150,242276
229,7867,3509,10257,243090
230,9230,3509,9415,244017
231,10393,3509,10308,244300
232,3519,3509,9543,245071
233,11569,3509,11921,245166
234,7138,3509,8008,246917
235,6567,3509,11077,248117
236,6515,3509,8446,249055
237,2165,3509,9452,249191
238,9608,3509,10195,250069
239,203,3509,10228,251279
240,4572,3509,10521,251549
241,10852,3509,11217,253438
242,6665,3509,10443,254037
243,1646,3509,8389,254377
244,2717,3509,9575,255228
245,11513,3509,10046,256546
246,6339,3509,10723,257040
247,10626,3509,11123,260613
248,1996,3509,11277,261332
249,11753,3509,9176,264985
250,9257,3509,9070,270271
251,9677,3509,9363,271573
252,12794,3509,8638,272231
253,82,3509,10651,272887
254,6385,3509,10431,274197
255,12705,3509,11234,275018
256,9210,3509,10216,275729
257,8561,3509,9366,276144
258,6338,3509,10028,276354
259,380,3509,8496,276443
260,2377,3509,11843,279452
261,10123,3509,11707,281001
262,9910,3509,9259,283584
263,477,3509,10634,283943
264,2235,3509,10663,284615
265,12498,3509,10918,285436
266,6225,3509,10709,286265
267,3150,3509,9644,288157
268,8947,3509,10487,289238
269,6728,3509,8654,289628
270,9216,3509,9372,290591
271,8865,3509,12086,291593
272,758,3509,10133,292310
273,7785,3509,9919,296356
274,8447,3509,8946,297606
275,5831,3509,9864,299911
276,8741,3509,10373,301796
277,6200,3509,9908,304755
278,3538,3509,10645,305782
279,10089,3509,10890,305929
280,10089,3509,10222,307145
281,2507,3509,11955,308133
282,5422,3509,11377,308236
283,142,3509,10695,309114
284,8555,3509,9452,309859
285,12029,3509,10266,311189
286,6968,3509,12421,312649
287,3422,3509,11158,312756
288,12476,3509,10219,312883
289,7630,3509,11018,314852
290,6057,3509,10570,316173
291,5728,3509,9362,317075
292,959,3509,13075,318489
293,3919,3509,9416,318796
294,9558,3509,9546,320279
295,250,3509,9761,321915
296,12965,3509,9608,322378
297,394,3509,8744,322534
298,9396,3509,8822,322744
299,8035,3509,10436,327481
300,780,3509,8993,327988
301,4142,3509,9540,328001
302,7223,3509,10540,329752
303,1631,3509,11339,331718
304,8508,3509,9951,331718
305,12252,3509,9722,332784
306,3456,3509,9932,333082
307,1326,3509,10921,333658
308,2626,3509,9971,335027
309,1768,3509,11071,335535
310,4738,3509,8220,337210
311,9510,3509,8643,337387
312,9623,3509,10303,338295
313,8893,3509,9529,339287
314,6487,3509,9017,343957
315,369,3509,9639,344232
316,7132,3509,10689,344346
317,7240,3509,9761,345044
318,9241,3509,9860,345443
319,2414,3509,9505,346210
320,9987,3509,11788,349775
321,373,3509,9917,351970
322,5451,3509,9685,352706
323,806,3509,11564,353212
324,8489,3509,11909,353416
325,1081,3509,9185,354792
326,8693,3509,9692,355045
327,4647,3509,11667,355801
328,3802,3509,9233,356487
329,12587,3509,8942,356493
330,3391,3509,10261,358136
331,12520,3509,9712,358272
332,5847,3509,10669,358503
333,1879,3509,11216,359834
334,5122,3509,9572,360553
335,671,3509,10120,360562
336,3458,3509,10060,363531
337,5523,3509,10357,364246
338,661,3509,8919,365508
339,6610,3509,9830,366136
340,12840,3509,11266,366210
341,10485,3509,11773,369152
342,2112,3509,11254,372243
343,8360,3509,10267,373047
344,11294,3509,9701,373371
345,9217,3509,10710,373477
346,10757,3509,10007,375158
347,9364,3509,10034,375612
348,10181,3509,9888,375976
349,11960,3509,10245,376071
350,2465,3509,11708,379591
351,10410,3509,9917,380135
352,6604,3509,10214,382849
353,8484,3509,9783,383130
354,10429,3509,10141,383523
355,7665,3509,9435,386119
356,8022,3509,10020,388488
357,10941,3509,9312,389048
358,8541,3509,11017,389211
359,5301,3509,11119,392134
360,360,3509,8973,395196
361,8166,3509,8062,396120
362,10661,3509,8185,396148
363,9860,3509,8630,398125
364,2395,3509,11662,398307
365,11478,3509,9861,399088
366,1291,3509,8388,399093
367,1529,3509,10113,399708
368,3241,3509,9595,399768
369,4549,3509,10935,400453
370,5405,3509,9647,400511
371,9297,3509,10753,403343
372,10895,3509,12522,403479
373,3579,3509,9804,406425
374,2340,3509,8203,407892
375,5601,3509,11048,408693
376,9942,3509,10044,409004
377,1424,3509,10292,409161
378,4565,3509,8533,409656
379,6699,3509,9651,409817
380,10370,3509,9242,413225
381,12844,3509,10916,413229
382,9296,3509,8678,413437
383,10772,3509,9196,414561
384,2673,3509,10223,415731
385,1039,3509,9973,416119
386,6744,3509,10693,419261
387,8770,3509,10327,419269
388,11428,3509,9906,419684
389,5993,3509,10685,419972
390,10531,3509,9756,422535
391,7368,3509,9176,422706
392,7883,3509,10643,424391
393,6359,3509,9176,425705
394,1883,3509,9481,426393
395,6604,3509,11356,426609
396,3339,3509,10889,427638
397,500,3509,10085,431541
398,9532,3509,9106,431618
399,9632,3509,10451,434734
400,6560,3509,9311,436750
401,2540,3509,9867,437553
402,7236,3509,9487,439469
403,5910,3509,10564,440304
404,2065,3509,11649,440723
405,11836,3509,10402,443609
406,8710,3509,9737,445603
407,1525,3509,10462,445832
408,6099,3509,8233,445991
409,2365,3509,8997,446524
410,7036,3509,11104,447183
411,10805,3509,10131,450286
412,8878,3509,11074,451195
413,2557,3509,10262,453735
414,1344,3509,10015,454140
415,8425,3509,10012,455564
416,7679,3509,11282,456253
417,9735,3509,9473,458014
418,10458,3509,9552,459088
419,12638,3509,9949,459983
420,11724,3509,10687,460139
421,2979,3509,8873,460415
422,11951,3509,10964,460446
423,12951,3509,9873,463853
424,7925,3509,9807,465668
425,8039,3509,9576,465729
426,981,3509,10007,466370
427,6814,3509,8795,466968
428,7554,3509,10544,467162
429,2835,3509,9810,467795
430,5608,3509,9025,468435
431,8491,3509,10024,469652
432,605,3509,9033,469696
433,11278,3509,9788,472158
434,8210,3509,9944,472525
435,5461,3509,7722,472785
436,4724,3509,10926,473303
437,5298,3509,11688,473399
438,7640,3509,9476,473796
439,6217,3509,13965,473849
440,4171,3509,11242,473895
441,12580,3509,10599,475833
442,5255,3509,9713,479232
443,7964,3509,9730,479327
444,8874,3509,9900,481272
445,7013,3509,9326,482151
446,1276,3509,7908,483973
447,8794,3509,9881,485335
448,4754,3509,8840,485726
449,3475,3509,8715,485881
450,4050,3509,10380,486017
451,3128,3509,8244,486753
452,11655,3509,10228,490402
453,6402,3509,10079,493547
454,12825,3509,10777,495090
455,7828,3509,9334,495400
456,11268,3509,8865,496541
457,3461,3509,10086,497489
458,10058,3509,8473,497614
459,7934,3509,11912,499584
460,6706,3509,10276,499861
461,93,3509,9491,501485
462,2761,3509,9280,502583
463,2338,3509,10187,504936
464,9579,3509,10584,505068
465,11868,3509,10897,509165
466,2793,3509,9059,510413
467,191,3509,10120,510755
468,1027,3509,9604,510822
469,4794,3509,8395,514714
470,12254,3509,10467,515130
471,5105,3509,10245,515345
472,7648,3509,8348,515403
473,1983,3509,8773,516000
474,12531,3509,8264,516942
475,4386,3509,9773,517390
476,8302,3509,9920,517547
477,2609,3509,9256,517838
478,10875,3509,8587,520638
479,3583,3509,9352,520838
480,5753,3509,11039,521597
481,10525,3509,9693,521830
482,252,3509,9531,521913
483,9586,3509,8352,522175
484,6560,3509,10100,523046
485,10012,3509,9847,523566
486,11909,3509,11904,525222
487,3836,3509,9207,525257
488,1921,3509,11038,526795
489,8038,3509,8246,527232
490,11920,3509,9793,528140
491,10062,3509,12175,532819
492,189,3509,10427,533710
493,9040,3509,11061,534672
494,4809,3509,11458,536094
495,11151,3509,8731,536102
496,4467,3509,9382,536246
497,10822,3509,9736,536797
498,10914,3509,8894,538218
499,3901,3509,9079,538916
